<?xml version="1.0" encoding="UTF-8"?>
<!DOCTYPE mapper
    PUBLIC "-//mybatis.org/DTD Mapper 3.0//EN"
    "http://mybatis.org/dtd/mybatis-3-mapper.dtd">
<mapper namespace="com.javalec.web.sample.cardMapper">

	<select id="getCard"
		resultType="com.javalec.web.sample.model.CardVO">
		SELECT
		word, mean,important
		FROM
		card
	</select>
	
	<select id="getCardUser" resultType="com.javalec.web.sample.model.CardVO" parameterType="com.javalec.web.sample.model.CardVO">
		SELECT
		word, mean,important
		FROM
		card
		WHERE
		user = #{user}
	</select>
	
	<insert id="insertCard" parameterType="com.javalec.web.sample.model.CardVO">
		INSERT INTO card(word,mean,important,user) 
		VALUES(
			#{word},
			#{mean},
			#{important},
			#{user}
		)
	</insert>

	<update id="updateCard" parameterType="com.javalec.web.sample.model.CardVO">
		UPDATE card SET
		word = #{word},
		mean = #{mean},
		important = #{important}
		WHERE card_num = #{card_num}
	</update>

	<delete id="deleteCard" parameterType="int">
		DELETE FROM card WHERE card_num = #{card_num}
	</delete>


</mapper>
