<?xml version="1.0" encoding="UTF-8"?>
<!DOCTYPE mapper
    PUBLIC "-//mybatis.org/DTD Mapper 3.0//EN"
    "http://mybatis.org/dtd/mybatis-3-mapper.dtd">
<mapper namespace="com.javalec.web.user.userMapper">

	<select id="getUserInfo"
		resultType="com.javalec.web.user.model.UserVO"
		parameterType="com.javalec.web.user.model.UserVO">
		SELECT
			uid
			, name
			, pwd
			, email
		FROM
		tbl_user
		WHERE
		uid = #{uid}
	</select>

	<select id="getLogin"
		resultType="com.javalec.web.user.model.UserVO"
		parameterType="com.javalec.web.user.model.UserVO">
		SELECT
		pwd
		FROM
		tbl_user
		WHERE
		uid = #{uid}
		AND
		pwd = #{pwd}
	</select>

	<insert id="insertUser"
		parameterType="com.javalec.web.user.model.UserVO"> 
		INSERT INTO 
			TBL_USER (UID, NAME, PWD, EMAIL)
		VALUES 
			( #{uid} 
			, #{name} 
			, #{pwd} 
			, #{email}
			)
	</insert>
	
	<update id="updateUser" 
		parameterType="com.javalec.web.user.model.UserVO">
			UPDATE tbl_user SET
				name = #{name}
				, pwd = #{pwd}
				, email = #{email}
			WHERE
				uid = #{uid}
		</update>





</mapper>
