<?xml version="1.0" encoding="UTF-8"?>

<beans xmlns="http://www.springframework.org/schema/beans"
	xmlns:xsi="http://www.w3.org/2001/XMLSchema-instance"
	xmlns:mybatis-spring="http://mybatis.org/schema/mybatis-spring"
	xmlns:context="http://www.springframework.org/schema/context"
	xsi:schemaLocation="http://mybatis.org/schema/mybatis-spring http://mybatis.org/schema/mybatis-spring.xsd
		http://www.springframework.org/schema/beans http://www.springframework.org/schema/beans/spring-beans.xsd
		http://www.springframework.org/schema/context http://www.springframework.org/schema/context/spring-context-4.3.xsd">

	

<!--dataSource 객체 설정 -->
<bean id="dataSource" class="org.springframework.jdbc.datasource.DriverManagerDataSource">
<property name="driverClassName" value="com.mysql.cj.jdbc.Driver" />
<property name="url" value="jdbc:mysql://127.0.0.1:3306/card?useSSL=false&amp;serverTimezone=Asia/Seoul" />       
        <property name="username" value="root"></property>
        <property name="password" value="1234"></property>
</bean>  

<!-- SqlSessionFactory 객체 설정 -->
<bean id="SqlSessionFactory" class="org.mybatis.spring.SqlSessionFactoryBean">
<property name="dataSource" ref="dataSource" />       
<property name="mapperLocations" value="classpath:/mappers/**/*Mapper.xml" />
</bean>

<!-- SqlSession Template 설정 -->
<bean id="sqlSession" class="org.mybatis.spring.SqlSessionTemplate" destroy-method="clearCache">
<constructor-arg name="sqlSessionFactory" ref="SqlSessionFactory" />
</bean>

<!-- @Repository 애노테이션을 해당 패키지에 인식시키게 하기 위한 설정을 추가함 -->
<context:component-scan base-package="com.javalec.sample.dao"></context:component-scan>
<context:component-scan base-package="com.javalec.sample.service"></context:component-scan>

</beans>
