<?xml version="1.0" encoding="UTF-8"?>
<!DOCTYPE mapper
    PUBLIC "-//mybatis.org/DTD Mapper 3.0//EN"
    "http://mybatis.org/dtd/mybatis-3-mapper.dtd">
<mapper namespace="com.javalec.web.sample.cardMapper">

	<select id="getCard"
		resultType="com.javalec.web.sample.model.CardVO">
		SELECT
		word, mean,important
		FROM
		card
	</select>
	
	<select id="getCardUser" resultType="com.javalec.web.sample.model.CardVO" parameterType="com.javalec.web.sample.model.CardVO">
		SELECT
		word, mean,important
		FROM
		card
		WHERE
		user = #{user}
	</select>
	
	<insert id="insertCard" parameterType="com.javalec.web.sample.model.CardVO">
		INSERT INTO ${uid}(word,meaning,list_name) 
		VALUES(
			#{word},
			#{meaning},
			#{list_name}
		)
	</insert>

	<update id="updateCard" parameterType="com.javalec.web.sample.model.CardVO">
		UPDATE ${uid} SET
		word = #{word},
		meaning = #{meaning}
		WHERE card_num = #{card_num}
	</update>

	<delete id="deleteCard" parameterType="com.javalec.web.sample.model.CardVO">
		DELETE FROM ${uid} WHERE card_num = #{card_num}
	</delete>
	
	<insert id="insertSet" parameterType="com.javalec.web.sample.model.CardVO">
		INSERT INTO set_list(uid, list_name, list_explain, privacy)
		select
			#{uid},
			#{list_name},
			#{list_explain},
			#{privacy}
		from dual 
		WHERE NOT EXISTS
		(SELECT list_name
		   FROM set_list
		   WHERE list_name=#{list_name})
	</insert>
	
	<select id="selectSet"  
			resultType="com.javalec.web.sample.model.CardVO"
			parameterType="com.javalec.web.sample.model.CardVO">
		SELECT 
			substring_index(list_name,',',-1) as list_name,
			list_explain,
			privacy
		FROM set_list
		WHERE uid=#{uid}			
	</select>
	
	<delete id="deleteSet" parameterType="com.javalec.web.sample.model.CardVO">
		DELETE 
		FROM set_list 
		WHERE list_name=#{list_name}
	</delete>
	
	<update id="createNewTable" parameterType="com.javalec.web.sample.model.CardVO" > 
       CREATE TABLE IF NOT EXISTS ${uid} (
       		  card_num int auto_increment primary key,
              word varchar(100),
              meaning varchar(1000),
              list_name varchar(100),
              important char default 'n'
            )
	</update>
	
	<select id="showCard"  
			resultType="com.javalec.web.sample.model.CardVO"
			parameterType="HashMap">
			
		SELECT * 
		FROM ${uid}
		WHERE list_name=#{list_name}
		LIMIT #{startList}, #{listSize}

	</select>
	
	<select id="showCard2"  
			resultType="com.javalec.web.sample.model.CardVO"
			parameterType="HashMap">
			
		SELECT * 
		FROM ${uid}
		WHERE list_name=#{list_name}

	</select>
	
	<select id="showCardImportant"  
			resultType="com.javalec.web.sample.model.CardVO"
			parameterType="HashMap">
			
		SELECT * 
		FROM ${uid}
		WHERE list_name=#{list_name}
		AND important = 'y'
		LIMIT #{impStartList}, #{impListSize}

	</select>
	
	<select id="getCardCnt" resultType="int" parameterType="HashMap">
		SELECT
			count(*) as listCnt
		FROM
			${uid}
		WHERE list_name=#{list_name}
	</select>
	
	<select id="getImportantCardCnt" resultType="int" parameterType="HashMap">
		SELECT
			count(*) as listCnt
		FROM
			${uid}
		WHERE list_name=#{list_name} 
		AND important='y'
	</select>
	
	<update id="updateImportant" parameterType="com.javalec.web.sample.model.CardVO">
		UPDATE ${uid} 
		SET important = #{important}
		WHERE card_num=#{card_num}
	</update>
	
	<select id="visitSetList" resultType="com.javalec.web.sample.model.CardVO" parameterType="String">
		SELECT
			substring_index(list_name,',',-1) as list_name
		FROM set_list
		WHERE uid=#{uid} and privacy='y'
	</select>
	
	<insert id="bookMark" parameterType="com.javalec.web.sample.model.CardVO">
		INSERT INTO bookmark(uid,bookmark)
		select
			#{uid},
			#{bookmark}
		from dual 
		WHERE NOT EXISTS
		(SELECT bookmark,uid 
		   FROM bookmark 
		   WHERE uid=#{uid} and bookmark=#{bookmark} )
	</insert>
	
	<select id="bookMarkList" resultType="com.javalec.web.sample.model.CardVO" parameterType="String">
		SELECT no, bookmark, list_explain
		FROM bookmark b JOIN set_list s 
		ON b.bookmark=s.list_name
		WHERE b.uid=#{uid}
	</select>
	
	<delete id="deleteBookMark" parameterType="int">
		DELETE 
		FROM bookmark 
		WHERE no=#{no}
	</delete>
	
	<select id="myBookMark" resultType="com.javalec.web.sample.model.CardVO" parameterType="String">
		SELECT b.no, b.uid, b.bookmark, s.list_explain
		FROM bookmark b
		JOIN set_list s
		ON b.bookmark=s.list_name
		WHERE b.uid=#{uid}
	</select>
	

</mapper>
